Timestamp,AcDeliveryTemp_24,AcDeliveryTemp_25,AcDeliveryTemp_27,AcDeliveryTemp_28,AcDeliveryTemp_43,AcOnoffState_24,AcOnoffState_25,AcOnoffState_27,AcOnoffState_28,AcOnoffState_43,AcReturnTemp_24,AcReturnTemp_25,AcReturnTemp_27,AcReturnTemp_28,AcReturnTemp_43,AcSetTemp_24,AcSetTemp_25,AcSetTemp_27,AcSetTemp_28,AcSetTemp_43,AcWorkTime_24,AcWorkTime_25,AcWorkTime_27,AcWorkTime_28,AcWorkTime_43,AcXPos_24,AcXPos_25,AcXPos_27,AcXPos_28,AcXPos_43,AcYPos_24,AcYPos_25,AcYPos_27,AcYPos_28,AcYPos_43,ColdTempMean,HotTempMean,InstantPue,ItElectricPower,ItElectricTotalWork,RackColdTemp_12,RackColdTemp_13,RackColdTemp_14,RackColdTemp_15,RackColdTemp_22,RackColdTemp_23,RackColdTemp_24,RackColdTemp_25,RackColdTemp_27,RackColdTemp_29,RackColdTemp_3,RackColdTemp_30,RackColdTemp_31,RackColdTemp_34,RackColdTemp_35,RackColdTemp_4,RackColdTemp_7,RackColdTemp_8,RackColdTemp_9,RackHotTemp_12,RackHotTemp_13,RackHotTemp_14,RackHotTemp_15,RackHotTemp_22,RackHotTemp_23,RackHotTemp_24,RackHotTemp_25,RackHotTemp_27,RackHotTemp_29,RackHotTemp_3,RackHotTemp_30,RackHotTemp_31,RackHotTemp_34,RackHotTemp_35,RackHotTemp_4,RackHotTemp_7,RackHotTemp_8,RackHotTemp_9,RackXPos_12,RackXPos_13,RackXPos_14,RackXPos_15,RackXPos_2,RackXPos_22,RackXPos_23,RackXPos_24,RackXPos_25,RackXPos_27,RackXPos_29,RackXPos_3,RackXPos_30,RackXPos_31,RackXPos_34,RackXPos_35,RackXPos_4,RackXPos_7,RackXPos_8,RackXPos_9,RackYPos_12,RackYPos_13,RackYPos_14,RackYPos_15,RackYPos_2,RackYPos_22,RackYPos_23,RackYPos_24,RackYPos_25,RackYPos_27,RackYPos_29,RackYPos_3,RackYPos_30,RackYPos_31,RackYPos_34,RackYPos_35,RackYPos_4,RackYPos_7,RackYPos_8,RackYPos_9,TotalElectricPower,TotalElectricTotalWork,XPosMax,XPosMin,YPosMax,YPosMin
8/10/2023 9:02 AM,18.3,19,18.3,21.2,18.1,1,1,1,1,1,29.2,29.1,26.8,30.3,30.4,20,20,20,20,20,1,1,1,1,1,1092,752,752,412,1160,350,350,100,100,100,22.35947368,28.21684211,1.278101399,58870,4.896666667,21.25,21.6,22.65,22.37,21.8,21.8,21.07,21.2,27.4,21.2,24.73,22.43,22,22.03,21.2,24.1,22.6,21.7,21.7,27.15,28.67,27.87,30.1,23.1,28.7,27.07,30.1,29.6,28.4,25.33,31.5,30.73,28.2,27,24.8,28.57,30.6,28.63,820,888,956,1024,140,344,412,480,548,684,820,208,888,956,1160,1228,276,480,548,616,100,100,100,100,100,350,350,350,350,350,350,100,350,350,350,350,100,100,100,100,75241.82938,6.545078823,1228,140,350,100
8/10/2023 9:07 AM,21.8,17.7,19.4,20.5,23.1,1,1,1,1,1,29.8,28.9,26.2,29.5,30.8,20,20,20,20,20,2,2,2,2,2,1092,752,752,412,1160,350,350,100,100,100,22.76263158,28.36631579,1.361047155,58810,4.903333333,21.65,22.5,23.2,23.1,21.87,22,21.07,21.6,27.6,21.9,24.6,22.67,22.5,22.93,22.9,24.1,22.8,21.8,21.7,27.6,29.03,28.2,30.23,23.1,28.7,27.2,30.3,29.9,28.8,25.1,31.87,31,28.3,27,24.2,28.73,31,28.7,820,888,956,1024,140,344,412,480,548,684,820,208,888,956,1160,1228,276,480,548,616,100,100,100,100,100,350,350,350,350,350,350,100,350,350,350,350,100,100,100,100,80043.18318,6.470208857,1228,140,350,100
8/10/2023 9:12 AM,18.4,21.3,21.8,22.9,19.6,1,1,1,1,1,29.2,29.7,26.6,31.4,30.9,21,21,21,21,21,3,3,3,3,3,1092,752,752,412,1160,350,350,100,100,100,22.48526316,28.61473684,1.227849763,59090,4.9125,21.15,21.35,22.05,21.87,22.67,22.5,21.43,21.9,27.5,21.4,25.27,22.53,22.13,21.57,20.7,24.5,22.95,21.8,21.95,27.05,28.53,27.67,30.1,23.9,29.4,27.43,30.8,29.9,29.4,25.6,32.17,30.93,28.13,27,25.5,29.3,31.5,29.37,820,888,956,1024,140,344,412,480,548,684,820,208,888,956,1160,1228,276,480,548,616,100,100,100,100,100,350,350,350,350,350,350,100,350,350,350,350,100,100,100,100,72553.64252,6.358201071,1228,140,350,100
8/10/2023 9:18 AM,22.9,19.1,19.8,21.6,22.3,1,1,1,1,1,30.4,29.3,27.3,30.2,31.4,21,21,21,21,21,4,4,4,4,4,1092,752,752,412,1160,350,350,100,100,100,23.57631579,28.94,1.37275879,59050,4.9225,22.95,23.6,24.15,24.13,22.6,22.7,21.47,22.6,27.2,23.3,24.73,23.77,23.53,23.77,23.8,24.5,23.45,22.8,22.9,28.65,29.73,29,30.73,23.45,29,27.43,30.7,30.1,29.7,25.3,32.53,31.77,28.77,27.4,24.8,29.4,32.2,29.2,820,888,956,1024,140,344,412,480,548,684,820,208,888,956,1160,1228,276,480,548,616,100,100,100,100,100,350,350,350,350,350,350,100,350,350,350,350,100,100,100,100,81061.40656,6.400627045,1228,140,350,100
8/10/2023 9:23 AM,17.6,20.4,21.2,21.7,20.8,1,1,1,1,1,29.3,29.7,27,31.6,30.9,21,21,21,21,21,5,5,5,5,5,1092,752,752,412,1160,350,350,100,100,100,22.58947368,28.63105263,1.261425711,59020,4.919583333,21.3,21.4,21.95,21.67,22.97,22.7,21.4,22.2,27.8,21.5,24.93,22.57,22.13,21.53,20.7,24.5,23.3,22.2,22.45,27.45,28.53,27.53,29.87,23.85,29.4,27.3,30.5,30.1,29.3,25.43,32.1,31.17,28.03,27.2,25.3,29.4,32,29.53,820,888,956,1024,140,344,412,480,548,684,820,208,888,956,1160,1228,276,480,548,616,100,100,100,100,100,350,350,350,350,350,350,100,350,350,350,350,100,100,100,100,74449.34544,6.479614667,1228,140,350,100
8/10/2023 9:29 AM,21.9,20.4,20.7,21.8,21,1,1,1,1,1,30.4,29.4,26.9,30.5,31.5,21,21,21,21,21,6,6,6,6,6,1092,752,752,412,1160,350,350,100,100,100,23.46,28.92736842,1.351415006,58700,4.905,22.65,23.4,23.9,23.97,22.47,22.7,21.47,22.6,27.8,22.9,24.93,23.4,23.27,23.43,23.5,24.5,23.55,22.7,22.6,28.4,29.67,28.87,30.67,23.65,29.4,27.43,30.8,30.3,29.4,25.33,32.53,31.7,28.77,27.4,24.8,29.3,32,29.2,820,888,956,1024,140,344,412,480,548,684,820,208,888,956,1160,1228,276,480,548,616,100,100,100,100,100,350,350,350,350,350,350,100,350,350,350,350,100,100,100,100,79328.06084,6.407391928,1228,140,350,100
8/10/2023 9:34 AM,18.1,20.3,20.5,21.4,22.7,1,1,1,1,1,29.4,29.6,26.8,31.6,31.1,21,21,21,21,21,7,7,7,7,7,1092,752,752,412,1160,350,350,100,100,100,22.70789474,28.72736842,1.249580545,59200,4.9125,21.35,21.7,22.1,21.93,22.87,22.5,21.4,22.4,28.1,21.5,24.93,22.57,22.33,21.87,21.4,24.5,23.5,22.2,22.3,27.65,28.83,27.73,30.17,23.95,29.4,27.5,30.5,30.3,29.3,25.43,32.23,31.33,28.2,27.2,25.3,29.5,31.5,29.8,820,888,956,1024,140,344,412,480,548,684,820,208,888,956,1160,1228,276,480,548,616,100,100,100,100,100,350,350,350,350,350,350,100,350,350,350,350,100,100,100,100,73975.16824,6.387634545,1228,140,350,100
8/10/2023 9:40 AM,21.2,20.3,21,21.7,19.8,1,1,1,1,1,30.3,29.6,26.8,31,31.5,21,21,21,21,21,8,8,8,8,8,1092,752,752,412,1160,350,350,100,100,100,23.35578947,28.96421053,1.338735288,59150,4.93125,22.6,23.15,23.6,23.53,22.6,22.7,21.53,22.6,28.2,22.7,24.93,23.3,23.2,23.17,22.9,24.5,23.5,22.5,22.55,28.3,29.6,28.7,30.73,23.85,29.4,27.6,30.8,30.3,29.7,25.37,32.63,31.67,28.83,27.4,25.1,29.37,31.7,29.27,820,888,956,1024,140,344,412,480,548,684,820,208,888,956,1160,1228,276,480,548,616,100,100,100,100,100,350,350,350,350,350,350,100,350,350,350,350,100,100,100,100,79186.1923,6.381723356,1228,140,350,100
8/10/2023 9:45 AM,19.6,20.5,20.8,21.6,22.8,1,1,1,1,1,29.9,29.9,27,31.9,31.4,21,21,21,21,21,9,9,9,9,9,1092,752,752,412,1160,350,350,100,100,100,22.87894737,28.86894737,1.250837803,58700,4.910416667,21.55,22.05,22.2,22.03,23.1,22.7,21.53,22.8,28.2,21.9,25,22.7,22.47,21.87,21.4,24.7,23.65,22.3,22.55,27.95,29,27.87,30.53,24,29.6,27.63,30.8,30.3,29.4,25.43,32.53,31.4,28.13,27.2,25.5,29.67,31.7,29.87,820,888,956,1024,140,344,412,480,548,684,820,208,888,956,1160,1228,276,480,548,616,100,100,100,100,100,350,350,350,350,350,350,100,350,350,350,350,100,100,100,100,73424.17906,6.358765473,1228,140,350,100
8/10/2023 9:51 AM,19,20.3,20.8,21.4,19.8,1,1,1,1,1,30.3,29.5,27.3,31.3,31.1,21,21,21,21,21,10,10,10,10,10,1092,752,752,412,1160,350,350,100,100,100,23.29736842,28.99263158,1.320056315,58920,4.900833333,22.35,22.7,23.3,23.23,22.63,22.7,21.47,22.8,28.2,22.7,24.97,23.3,23.1,23.1,22.8,24.5,23.6,22.5,22.7,28.3,29.47,28.57,30.67,23.85,29.4,27.57,30.8,30.5,29.6,25.43,32.63,31.7,28.87,27.6,25.1,29.47,32,29.33,820,888,956,1024,140,344,412,480,548,684,820,208,888,956,1160,1228,276,480,548,616,100,100,100,100,100,350,350,350,350,350,350,100,350,350,350,350,100,100,100,100,77777.7181,6.300079048,1228,140,350,100
8/10/2023 9:56 AM,21.9,20.4,21.2,21.7,24.4,1,1,1,1,1,30.6,29.7,27.8,31.5,31.4,21,21,21,21,21,11,11,11,11,11,1092,752,752,412,1160,350,350,100,100,100,23.08473684,28.97210526,1.294924634,58820,4.905833333,21.9,22.6,22.8,22.8,23.03,22.7,21.53,22.8,28.2,22.2,25,22.9,22.57,22.23,21.9,24.8,23.7,22.3,22.65,28.05,29.2,28.2,30.83,24,29.6,27.7,30.8,30.5,29.7,25.43,32.73,31.57,28.33,27.2,25.5,29.63,31.7,29.8,820,888,956,1024,140,344,412,480,548,684,820,208,888,956,1160,1228,276,480,548,616,100,100,100,100,100,350,350,350,350,350,350,100,350,350,350,350,100,100,100,100,76167.467,6.414382713,1228,140,350,100
8/10/2023 10:02 AM,17.2,20.2,20.5,21.3,17.9,1,1,1,1,1,29.5,29.5,27.1,31.7,30.9,21,21,21,21,21,12,12,12,12,12,1092,752,752,412,1160,350,350,100,100,100,22.93631579,28.82157895,1.297966319,58870,4.90375,21.85,22.2,22.75,22.6,22.67,22.5,21.4,22.6,28.2,21.9,24.8,22.9,22.57,22.4,21.5,24.5,23.6,22.3,22.55,27.85,29.13,28.2,30.4,23.65,29.4,27.37,30.5,30.5,29.4,25.37,32.47,31.5,28.8,27.6,25.1,29.37,31.7,29.3,820,888,956,1024,140,344,412,480,548,684,820,208,888,956,1160,1228,276,480,548,616,100,100,100,100,100,350,350,350,350,350,350,100,350,350,350,350,100,100,100,100,76411.27722,6.357447676,1228,140,350,100
8/10/2023 10:07 AM,23.5,20.7,21.3,21.7,24.2,1,1,1,1,1,31,29.8,28.2,31.1,31.7,21,21,21,21,21,13,13,13,13,13,1092,752,752,412,1160,350,350,100,100,100,23.33263158,29.05894737,1.299268774,58660,4.897083333,22.2,23.05,23.5,23.47,22.97,22.8,21.6,22.9,28.4,22.6,25,23.13,22.87,22.63,22.6,24.7,23.75,22.5,22.65,28.3,29.6,28.6,31.03,24,29.6,27.63,30.8,30.5,29.7,25.43,32.8,31.8,28.5,27.2,25.3,29.63,32,29.7,820,888,956,1024,140,344,412,480,548,684,820,208,888,956,1160,1228,276,480,548,616,100,100,100,100,100,350,350,350,350,350,350,100,350,350,350,350,100,100,100,100,76215.10628,6.359432646,1228,140,350,100
8/10/2023 10:13 AM,16.9,20.2,20.5,21.3,18.8,1,1,1,1,1,29.4,29.7,26.9,31.6,30.9,21,21,21,21,21,14,14,14,14,14,1092,752,752,412,1160,350,350,100,100,100,22.94157895,28.82263158,1.28014036,58710,4.890416667,21.8,22.05,22.65,22.43,22.73,22.5,21.4,22.8,28.2,22,24.93,22.97,22.6,22.33,21.6,24.5,23.6,22.3,22.5,27.85,29.03,27.97,30.27,23.85,29.4,27.43,30.5,30.5,29.4,25.43,32.4,31.4,28.47,27.6,25.3,29.5,31.7,29.63,820,888,956,1024,140,344,412,480,548,684,820,208,888,956,1160,1228,276,480,548,616,100,100,100,100,100,350,350,350,350,350,350,100,350,350,350,350,100,100,100,100,75157.04054,6.307172784,1228,140,350,100
8/10/2023 10:18 AM,22.9,20.3,21.3,21.8,23.2,1,1,1,1,1,30.6,29.5,27.4,30.8,31.6,21,21,21,21,21,15,15,15,15,15,1092,752,752,412,1160,350,350,100,100,100,23.51210526,29.07526316,1.329919429,58650,4.89,22.6,23.25,23.6,23.63,22.73,22.7,21.53,22.9,28.2,22.9,24.97,23.3,23.2,23.57,23.8,24.7,23.75,22.7,22.7,28.5,29.67,28.77,31,23.85,29.4,27.63,30.8,30.5,29.7,25.43,32.87,31.87,28.87,27.4,25.1,29.5,32,29.57,820,888,956,1024,140,344,412,480,548,684,820,208,888,956,1160,1228,276,480,548,616,100,100,100,100,100,350,350,350,350,350,350,100,350,350,350,350,100,100,100,100,77999.77454,6.381533962,1228,140,350,100
8/10/2023 10:24 AM,16.5,20.3,20.5,21.7,19.4,1,1,1,1,1,29.3,29.8,27,31.7,31,21,21,21,21,21,16,16,16,16,16,1092,752,752,412,1160,350,350,100,100,100,22.75789474,28.77263158,1.266599417,58710,4.89,21.55,21.7,22.1,21.8,22.9,22.7,21.53,22.7,28.3,21.7,25,22.77,22.4,21.5,20.7,24.5,23.6,22.3,22.65,27.8,28.8,27.73,30.1,23.95,29.5,27.57,30.5,30.5,29.4,25.43,32.43,31.4,28.13,27.4,25.3,29.47,31.7,29.57,820,888,956,1024,140,344,412,480,548,684,820,208,888,956,1160,1228,276,480,548,616,100,100,100,100,100,350,350,350,350,350,350,100,350,350,350,350,100,100,100,100,74362.05178,6.34840943,1228,140,350,100
8/10/2023 10:29 AM,23.7,20.4,20.8,21.8,22.7,1,1,1,1,1,30.6,29.5,27.3,30.8,31.8,21,21,21,21,21,17,17,17,17,17,1092,752,752,412,1160,350,350,100,100,100,23.60789474,29.09210526,1.336796907,58750,4.894166667,22.85,23.6,24,24.07,22.77,22.8,21.53,22.9,28.2,23.1,24.87,23.47,23.37,23.57,23.8,24.5,23.75,22.7,22.7,28.65,29.73,29.03,31.03,23.85,29.4,27.63,30.8,30.5,29.9,25.4,32.93,31.87,28.73,27.4,24.9,29.47,32.1,29.43,820,888,956,1024,140,344,412,480,548,684,820,208,888,956,1160,1228,276,480,548,616,100,100,100,100,100,350,350,350,350,350,350,100,350,350,350,350,100,100,100,100,78536.81826,6.370786252,1228,140,350,100
8/10/2023 10:35 AM,17,20.2,20.4,21.6,20.3,1,1,1,1,1,29.4,29.7,27.3,31.6,31,21,21,21,21,21,18,18,18,18,18,1092,752,752,412,1160,350,350,100,100,100,22.62894737,28.68894737,1.26470116,59030,4.9075,21.35,21.5,21.95,21.57,22.83,22.5,21.4,22.4,28.2,21.5,24.87,22.53,22.23,21.57,20.9,24.5,23.5,22.2,22.45,27.65,28.6,27.6,29.93,23.85,29.4,27.37,30.5,30.5,29.3,25.43,32.3,31.37,28.03,27.4,25.3,29.43,31.5,29.63,820,888,956,1024,140,344,412,480,548,684,820,208,888,956,1160,1228,276,480,548,616,100,100,100,100,100,350,350,350,350,350,350,100,350,350,350,350,100,100,100,100,74655.3095,6.383005323,1228,140,350,100
8/10/2023 10:41 AM,22.4,20.3,21.3,21.9,21.9,1,1,1,1,1,30.2,29.7,27,30.8,31.8,21,21,21,21,21,19,19,19,19,19,1092,752,752,412,1160,350,350,100,100,100,23.56736842,29.09157895,1.33863294,58650,4.903333333,22.7,23.5,24,24,22.73,22.8,21.53,22.9,28.2,22.9,24.93,23.4,23.37,23.47,23.8,24.5,23.65,22.7,22.7,28.75,29.73,29,30.97,23.85,29.4,27.57,30.8,30.5,29.9,25.37,32.87,31.87,28.83,27.6,24.9,29.43,32,29.4,820,888,956,1024,140,344,412,480,548,684,820,208,888,956,1160,1228,276,480,548,616,100,100,100,100,100,350,350,350,350,350,350,100,350,350,350,350,100,100,100,100,78510.82194,6.381922143,1228,140,350,100
8/10/2023 10:46 AM,24.5,18.3,19.9,26.2,25.5,0,1,1,0,0,30.9,29.9,27.7,30,31.9,20,20,20,20,20,-1,20,20,-1,-1,1092,752,752,412,1160,350,350,100,100,100,23.27052632,28.94368421,1.259754057,58770,4.8925,22.45,23.25,23.65,23.47,23.23,23.2,21.43,22.1,27.4,22.7,24.4,23.13,23.03,23.2,23.3,24.3,23.25,22.3,22.35,28.2,29.37,28.6,30.37,24.35,30.1,27.77,30.9,30.5,29.4,25.03,32.43,31.5,28.77,28,24.9,29.27,31.5,28.97,820,888,956,1024,140,344,412,480,548,684,820,208,888,956,1160,1228,276,480,548,616,100,100,100,100,100,350,350,350,350,350,350,100,350,350,350,350,100,100,100,100,74035.74592,6.356106994,1228,140,350,100
8/10/2023 10:52 AM,27.3,19.5,20,27.2,28,0,1,1,0,0,31.7,33,27.7,31,33.1,20,20,20,20,20,-2,21,21,-2,-2,1092,752,752,412,1160,350,350,100,100,100,24.87789474,30.58473684,1.212147272,58720,4.895416667,22.25,24.3,25.1,25.73,24.77,25,22.3,22.9,29.4,22.7,25.73,25.3,25,26,27.5,25.4,25,23.8,24.5,29.4,31.5,30.67,33.6,25.8,32.7,29.5,32.6,31.2,30.3,26.1,34.87,33.03,31.07,28.6,25.9,31.1,32.4,30.77,820,888,956,1024,140,344,412,480,548,684,820,208,888,956,1160,1228,276,480,548,616,100,100,100,100,100,350,350,350,350,350,350,100,350,350,350,350,100,100,100,100,71177.28782,6.050543072,1228,140,350,100
8/10/2023 10:57 AM,19.6,16.8,18.4,20.8,24.9,1,1,1,1,0,31.8,30.9,26.8,30,32.9,20,19,20,20,20,1,22,22,1,-3,1092,752,752,412,1160,350,350,100,100,100,24.13842105,30.04052632,1.475222617,58870,4.899583333,21.1,23.6,25.4,24.67,23.67,23.4,21.8,21.7,28.8,22.2,25.6,24.1,24.57,26.67,27.3,25.7,24,22.2,22.15,28,31.07,30.7,32,25,30.8,28.9,32.2,31.9,29,26.3,33.5,33.07,31.6,30,25.9,29.3,32,29.53,820,888,956,1024,140,344,412,480,548,684,820,208,888,956,1160,1228,276,480,548,616,100,100,100,100,100,350,350,350,350,350,350,100,350,350,350,350,100,100,100,100,86846.35544,6.584318469,1228,140,350,100
8/10/2023 11:03 AM,16.6,16.9,18.8,18.1,21.7,1,1,1,1,0,30.7,29.8,25.4,30.4,32.2,19,19,20,19,20,2,23,23,2,-4,1092,752,752,412,1160,350,350,100,100,100,22.03842105,28.32157895,1.335005736,58930,4.908333333,19.45,21.2,21.75,20.3,21.03,20.6,20,20.4,28.2,20.4,24.27,22.33,22.57,23.93,24.6,24.1,22.35,20.5,20.75,26.3,28.93,27.83,29.5,22.65,27.9,26.43,29.2,31.2,27.8,25.1,32.3,31.2,29.67,29.8,24.9,28.47,30.3,28.63,820,888,956,1024,140,344,412,480,548,684,820,208,888,956,1160,1228,276,480,548,616,100,100,100,100,100,350,350,350,350,350,350,100,350,350,350,350,100,100,100,100,78671.88802,6.896593478,1228,140,350,100
8/10/2023 11:08 AM,16.9,16.6,19,18,21.8,1,1,1,1,0,30.2,29.7,25,29.8,32,19,19,20,19,20,3,24,24,3,-5,1092,752,752,412,1160,350,350,100,100,100,21.69526316,27.94631579,1.331429024,58970,4.9125,19.2,20.9,21.15,20.07,20.6,20.3,19.87,20.1,27.8,20.3,24.07,21.8,21.9,23.3,24.2,23.7,22.1,20.3,20.55,25.85,28.47,27.3,29.23,22.2,27.5,25.87,28.8,30.5,27.8,24.83,31.9,30.9,29.07,29.1,24.8,28.13,30.1,28.63,820,888,956,1024,140,344,412,480,548,684,820,208,888,956,1160,1228,276,480,548,616,100,100,100,100,100,350,350,350,350,350,350,100,350,350,350,350,100,100,100,100,78514.36954,6.549427398,1228,140,350,100
8/10/2023 11:14 AM,16.9,16.8,19.2,18.5,22.2,1,1,1,1,0,30.4,29.9,25.6,30,31.8,19,19,20,19,20,4,25,25,4,-6,1092,752,752,412,1160,350,350,100,100,100,21.81684211,27.94421053,1.329652433,58970,4.914166667,19.35,21.05,21.15,20.27,20.97,20.8,20.23,20.2,27.6,20.5,23.93,22.03,21.87,23.47,24.4,23.6,22.1,20.3,20.7,25.95,28.3,27.23,29.23,22.4,27.7,25.8,28.8,30.1,27.8,24.63,32.03,30.97,29.1,28.9,24.8,28.2,30.3,28.7,820,888,956,1024,140,344,412,480,548,684,820,208,888,956,1160,1228,276,480,548,616,100,100,100,100,100,350,350,350,350,350,350,100,350,350,350,350,100,100,100,100,78409.604,6.538498897,1228,140,350,100
8/10/2023 11:19 AM,17.2,17.3,19.4,18.5,22.6,1,1,1,1,0,30.6,30.2,25.7,30,31.8,19,19,20,19,20,5,26,26,5,-7,1092,752,752,412,1160,350,350,100,100,100,21.87578947,27.91947368,1.315338828,58760,4.905416667,19.6,21.15,21.35,20.47,20.97,20.6,20.07,20.4,27.6,20.7,23.77,22.1,22.03,23.63,24.4,23.6,22.05,20.3,20.85,26.1,28.43,27.17,29.27,22.3,27.5,25.6,28.8,29.9,27.8,24.43,32.03,31.17,29.17,28.9,24.6,28.13,30.4,28.77,820,888,956,1024,140,344,412,480,548,684,820,208,888,956,1160,1228,276,480,548,616,100,100,100,100,100,350,350,350,350,350,350,100,350,350,350,350,100,100,100,100,77289.30954,6.487454731,1228,140,350,100
8/10/2023 11:25 AM,17.2,17.2,19.5,18.8,22.7,1,1,1,1,0,30.4,30.3,25.3,29.7,31.8,19,19,20,19,20,6,27,27,6,-8,1092,752,752,412,1160,350,350,100,100,100,21.97421053,27.94157895,1.322719014,58860,4.900833333,19.75,21.35,21.4,20.57,21.17,20.6,20.13,20.4,27.6,20.9,23.7,22.27,22.2,23.77,24.6,23.6,22.05,20.5,20.95,26.1,28.53,27.17,29.33,22.3,27.5,25.57,28.8,29.9,28,24.43,32.03,31.23,29.17,28.9,24.6,28.13,30.3,28.9,820,888,956,1024,140,344,412,480,548,684,820,208,888,956,1160,1228,276,480,548,616,100,100,100,100,100,350,350,350,350,350,350,100,350,350,350,350,100,100,100,100,77855.24116,6.464356279,1228,140,350,100
8/10/2023 11:30 AM,18.3,17.2,19.6,18.7,23.2,1,1,1,1,0,30.7,30.4,25.4,29.8,31.8,19,19,20,19,20,7,28,28,7,-9,1092,752,752,412,1160,350,350,100,100,100,22.06789474,28.01052632,1.314951311,58650,4.89625,19.9,21.55,21.6,20.8,21.2,20.6,20.17,20.6,27.6,21,23.7,22.37,22.33,23.87,24.8,23.6,22.1,20.5,21,26.35,28.6,27.3,29.6,22.4,27.5,25.63,28.8,29.9,28,24.43,32.23,31.23,29.23,28.9,24.4,28.2,30.6,28.9,820,888,956,1024,140,344,412,480,548,684,820,208,888,956,1160,1228,276,480,548,616,100,100,100,100,100,350,350,350,350,350,350,100,350,350,350,350,100,100,100,100,77121.89438,6.457380647,1228,140,350,100
8/10/2023 11:36 AM,17.4,17.4,19.6,19.1,23.1,1,1,1,1,0,30.6,30.5,25.3,30,31.7,19,19,20,19,20,8,29,29,8,-10,1092,752,752,412,1160,350,350,100,100,100,22.13578947,28.09684211,1.313960766,58870,4.896666667,19.9,21.55,21.65,20.7,21.23,20.8,20.23,20.7,27.6,21,23.8,22.5,22.4,23.97,24.9,23.6,22.25,20.7,21.1,26.45,28.6,27.3,29.6,22.5,27.7,25.73,28.8,29.9,28.2,24.43,32.3,31.33,29.33,29.1,24.6,28.37,30.6,29,820,888,956,1024,140,344,412,480,548,684,820,208,888,956,1160,1228,276,480,548,616,100,100,100,100,100,350,350,350,350,350,350,100,350,350,350,350,100,100,100,100,77352.87028,6.436448527,1228,140,350,100
8/10/2023 11:41 AM,18,17.9,19.9,18.8,23.5,1,1,1,1,0,30.8,30.5,25.6,29.9,31.8,19,19,20,19,20,9,30,30,9,-11,1092,752,752,412,1160,350,350,100,100,100,22.27421053,28.16526316,1.316566088,58760,4.90125,20.1,21.75,21.85,21,21.33,21,20.2,20.9,27.6,21.2,23.73,22.57,22.6,24.23,25.1,23.6,22.35,20.8,21.3,26.6,28.8,27.53,29.7,22.55,27.7,25.8,28.8,29.9,28.2,24.43,32.47,31.43,29.43,29.1,24.6,28.33,30.8,28.97,820,888,956,1024,140,344,412,480,548,684,820,208,888,956,1160,1228,276,480,548,616,100,100,100,100,100,350,350,350,350,350,350,100,350,350,350,350,100,100,100,100,77361.42336,6.446428902,1228,140,350,100
8/10/2023 11:47 AM,18.3,17.4,19.8,19.1,23.8,1,1,1,1,0,30.8,30.4,25.8,30.5,31.8,19,19,20,19,20,10,31,31,10,-12,1092,752,752,412,1160,350,350,100,100,100,22.27947368,28.17736842,1.308189371,58980,4.905833333,20.05,21.7,21.85,21,21.33,21,20.27,20.7,27.6,21.2,23.73,22.63,22.6,24.3,25.3,23.7,22.35,20.7,21.3,26.6,28.87,27.6,29.73,22.5,27.7,25.8,28.8,29.9,28.2,24.43,32.47,31.47,29.5,29.1,24.6,28.3,30.8,29,820,888,956,1024,140,344,412,480,548,684,820,208,888,956,1160,1228,276,480,548,616,100,100,100,100,100,350,350,350,350,350,350,100,350,350,350,350,100,100,100,100,77157.00908,6.438268018,1228,140,350,100
8/10/2023 11:52 AM,19.5,17.9,20,19.1,24.1,1,1,1,1,0,31.4,30.3,26.2,29.7,31.9,19,19,20,19,20,11,32,32,11,-13,1092,752,752,412,1160,350,350,100,100,100,22.41210526,28.23,1.329050539,58810,4.907916667,20.3,22.05,22.2,21.33,21.4,21,20.27,20.9,27.8,21.4,23.73,22.7,22.77,24.43,25.4,23.6,22.45,20.8,21.3,26.7,29,27.67,29.87,22.65,27.7,25.8,28.8,29.9,28.2,24.43,32.47,31.57,29.57,29.3,24.6,28.37,30.7,29.07,820,888,956,1024,140,344,412,480,548,684,820,208,888,956,1160,1228,276,480,548,616,100,100,100,100,100,350,350,350,350,350,350,100,350,350,350,350,100,100,100,100,78161.46218,6.471602969,1228,140,350,100
8/10/2023 11:57 AM,18.7,17.6,19.8,19.2,23.8,1,1,1,1,0,30.9,30.6,25.5,30,31.8,19,19,20,19,20,12,33,33,12,-14,1092,752,752,412,1160,350,350,100,100,100,22.30473684,28.20947368,1.318413248,58980,4.907916667,20.1,21.75,21.85,20.9,21.4,21,20.4,20.9,27.6,21.2,23.73,22.57,22.67,24.27,25.3,23.6,22.45,20.8,21.3,26.6,28.87,27.57,29.63,22.65,27.9,25.87,28.9,29.9,28.2,24.43,32.4,31.43,29.53,29.3,24.6,28.33,30.8,29.07,820,888,956,1024,140,344,412,480,548,684,820,208,888,956,1160,1228,276,480,548,616,100,100,100,100,100,350,350,350,350,350,350,100,350,350,350,350,100,100,100,100,77760.01334,6.496728147,1228,140,350,100
8/10/2023 12:03 PM,17.4,17.9,19.9,19.2,23.5,1,1,1,1,0,30.9,30.5,25.6,29.8,31.8,19,19,20,19,20,13,34,34,13,-15,1092,752,752,412,1160,350,350,100,100,100,22.29052632,28.18842105,1.3200546,58860,4.91,20.15,21.7,21.75,20.8,21.4,21,20.33,20.9,27.8,21.2,23.77,22.57,22.67,24.23,25.2,23.6,22.35,20.8,21.3,26.6,28.73,27.47,29.57,22.65,27.7,25.8,28.9,29.9,28.2,24.43,32.43,31.47,29.57,29.3,24.6,28.33,30.8,29.13,820,888,956,1024,140,344,412,480,548,684,820,208,888,956,1160,1228,276,480,548,616,100,100,100,100,100,350,350,350,350,350,350,100,350,350,350,350,100,100,100,100,77698.41378,6.477434463,1228,140,350,100
8/10/2023 12:08 PM,17.2,17.7,19.9,19.2,23.6,1,1,1,1,0,30.8,30.2,25.7,30,31.8,19,19,20,19,20,14,35,35,14,-16,1092,752,752,412,1160,350,350,100,100,100,22.25473684,28.15052632,1.321811788,58650,4.89625,20.1,21.7,21.55,20.77,21.47,21,20.33,20.9,27.6,21.2,23.77,22.53,22.6,24.17,25.1,23.6,22.35,20.8,21.3,26.55,28.73,27.4,29.33,22.65,27.7,25.8,28.8,29.9,28.2,24.43,32.37,31.47,29.47,29.3,24.6,28.23,30.8,29.13,820,888,956,1024,140,344,412,480,548,684,820,208,888,956,1160,1228,276,480,548,616,100,100,100,100,100,350,350,350,350,350,350,100,350,350,350,350,100,100,100,100,77524.26134,6.467611463,1228,140,350,100
8/10/2023 12:14 PM,18.8,17.9,20,19.1,24.1,1,1,1,1,0,30.9,30.7,25.7,29.9,31.8,19,19,20,19,20,15,36,36,15,-17,1092,752,752,412,1160,350,350,100,100,100,22.29894737,28.19526316,1.318476639,58710,4.89,20.15,21.75,21.75,20.93,21.47,21,20.33,20.9,27.6,21.2,23.7,22.57,22.6,24.23,25.3,23.6,22.45,20.8,21.35,26.6,28.87,27.5,29.6,22.55,27.7,25.8,28.8,29.9,28.2,24.43,32.47,31.43,29.6,29.3,24.6,28.43,30.8,29.13,820,888,956,1024,140,344,412,480,548,684,820,208,888,956,1160,1228,276,480,548,616,100,100,100,100,100,350,350,350,350,350,350,100,350,350,350,350,100,100,100,100,77407.76348,6.455501034,1228,140,350,100
8/10/2023 12:19 PM,19.1,17.6,19.9,19.1,23.9,1,1,1,1,0,30.8,30.3,25.8,30,31.8,19,19,20,19,20,16,37,37,16,-18,1092,752,752,412,1160,350,350,100,100,100,22.29947368,28.16421053,1.315201761,59090,4.908333333,20.15,21.7,21.75,20.97,21.4,21,20.4,20.9,27.6,21.2,23.73,22.57,22.67,24.3,25.3,23.6,22.35,20.8,21.3,26.6,28.8,27.47,29.6,22.55,27.7,25.87,28.8,29.9,28.2,24.43,32.4,31.47,29.5,29.3,24.6,28.33,30.6,29,820,888,956,1024,140,344,412,480,548,684,820,208,888,956,1160,1228,276,480,548,616,100,100,100,100,100,350,350,350,350,350,350,100,350,350,350,350,100,100,100,100,77715.27206,6.463459814,1228,140,350,100
8/10/2023 12:25 PM,18.4,17.6,18.1,18.7,19.4,1,1,1,1,1,29.4,28.9,26.8,29.1,30.5,19,19,19,19,19,17,38,38,17,1,1092,752,752,412,1160,350,350,100,100,100,21.93421053,27.65421053,1.455434343,58970,4.919166667,20.8,21.85,21.95,21.6,20.4,20.3,20.03,20.7,27.2,21.4,22.97,22,21.97,24.53,23.7,22.8,21.65,20.3,20.6,26.8,28.5,27.27,29.37,21.75,27.5,25.6,28.5,29.6,27.6,23.77,31.2,30.77,29.9,29.3,23.1,27.67,29.7,27.53,820,888,956,1024,140,344,412,480,548,684,820,208,888,956,1160,1228,276,480,548,616,100,100,100,100,100,350,350,350,350,350,350,100,350,350,350,350,100,100,100,100,85826.96322,6.814259803,1228,140,350,100
8/10/2023 12:30 PM,16.2,17.7,18,18.4,19.5,1,1,1,1,1,28.1,28.3,24.8,29.5,29.8,19,19,19,19,19,18,39,39,18,2,1092,752,752,412,1160,350,350,100,100,100,20.85421053,27.05631579,1.345147451,59070,4.918333333,19.5,20.15,20.55,20.1,20.3,20.1,19.9,20.4,26.8,19.7,22.73,20.67,20.6,21.03,19.7,22.5,21.35,20,20.15,25.95,27.27,26.13,28.67,21.5,27.3,25.23,28.3,29.5,27,23.53,30.4,29.6,27.73,28,23.3,27.53,29.4,27.73,820,888,956,1024,140,344,412,480,548,684,820,208,888,956,1160,1228,276,480,548,616,100,100,100,100,100,350,350,350,350,350,350,100,350,350,350,350,100,100,100,100,79457.85994,6.886867632,1228,140,350,100
8/10/2023 12:36 PM,17.9,17.7,18.1,18.8,19.2,1,1,1,1,1,28.3,27.8,24.9,29.1,29.6,19,19,19,19,19,19,40,40,19,3,1092,752,752,412,1160,350,350,100,100,100,20.88315789,26.90684211,1.362122815,58930,4.916666667,19.5,20.3,20.85,20.6,20.3,20.1,19.83,20.4,26.6,19.9,22.57,20.5,20.53,20.9,20.4,22.3,21.15,20,20.05,25.9,27.17,26.23,28.7,21.4,27.3,25.23,28.3,29,27,23.33,30.17,29.43,27.37,27.2,23.2,27.37,29.3,27.63,820,888,956,1024,140,344,412,480,548,684,820,208,888,956,1160,1228,276,480,548,616,100,100,100,100,100,350,350,350,350,350,350,100,350,350,350,350,100,100,100,100,80269.89748,6.655323226,1228,140,350,100
8/10/2023 12:41 PM,18.1,17.7,18.5,18.8,19,1,1,1,1,1,28.1,27.8,25.3,29.2,29.4,19,19,19,19,19,20,41,41,20,4,1092,752,752,412,1160,350,350,100,100,100,20.72789474,26.73684211,1.353342818,58700,4.90125,19.35,20.1,20.65,20.17,20.3,20.1,19.8,20.2,26.4,19.7,22.57,20.37,20.27,20.5,19.9,22.3,21.1,20,20.05,25.6,26.83,26,28.5,21.4,27.1,25.1,28.3,28.8,27,23.17,30.07,29.23,26.97,26.6,23.1,27.33,29.3,27.6,820,888,956,1024,140,344,412,480,548,684,820,208,888,956,1160,1228,276,480,548,616,100,100,100,100,100,350,350,350,350,350,350,100,350,350,350,350,100,100,100,100,79441.22344,6.654630038,1228,140,350,100
8/10/2023 12:47 PM,17.9,17.7,18.3,18.7,19,1,1,1,1,1,27.8,27.7,24.8,29.1,29.3,19,19,19,19,19,21,42,42,21,5,1092,752,752,412,1160,350,350,100,100,100,20.57105263,26.59368421,1.349106392,58870,4.89875,19.15,19.85,20.4,19.93,20.27,20.1,19.8,20.1,26.2,19.5,22.4,20.2,20.1,20.3,19.7,22.2,21,19.8,19.85,25.5,26.7,25.8,28.17,21.35,27.1,25.03,28.1,28.6,26.8,23.13,29.93,29.1,26.6,26.2,23.1,27.27,29.3,27.5,820,888,956,1024,140,344,412,480,548,684,820,208,888,956,1160,1228,276,480,548,616,100,100,100,100,100,350,350,350,350,350,350,100,350,350,350,350,100,100,100,100,79421.89328,6.61929653,1228,140,350,100
8/10/2023 12:52 PM,18.3,17.6,18.4,18.8,19.1,1,1,1,1,1,27.8,27.8,25,28.7,29.2,19,19,19,19,19,22,43,43,22,6,1092,752,752,412,1160,350,350,100,100,100,20.54894737,26.49052632,1.348172,58760,4.90125,19.15,19.85,20.4,19.93,20.2,20,19.73,20.1,26.2,19.5,22.4,20.17,20.03,20.27,19.9,22.1,20.9,19.8,19.8,25.4,26.63,25.67,28.07,21.25,27.1,25,28.1,28.6,26.8,23,29.83,29.07,26.53,25.8,22.9,27.1,29,27.47,820,888,956,1024,140,344,412,480,548,684,820,208,888,956,1160,1228,276,480,548,616,100,100,100,100,100,350,350,350,350,350,350,100,350,350,350,350,100,100,100,100,79218.5867,6.610019999,1228,140,350,100
8/10/2023 12:58 PM,18.3,17.4,15.2,18.8,19.1,1,1,1,1,1,27.8,28.1,24.9,28.9,29.4,19,19,19,19,19,23,44,44,23,7,1092,752,752,412,1160,350,350,100,100,100,20.48473684,26.39736842,1.360849444,58810,4.89875,19.1,19.75,20.4,20,20.03,20,19.67,19.7,26.2,19.4,22.43,20.1,19.9,20.23,19.9,22.1,20.85,19.7,19.75,25.4,26.57,25.7,28.2,21.15,26.9,25,27.9,28.4,26.6,23,29.8,28.93,26.43,25.6,23.1,26.9,28.8,27.17,820,888,956,1024,140,344,412,480,548,684,820,208,888,956,1160,1228,276,480,548,616,100,100,100,100,100,350,350,350,350,350,350,100,350,350,350,350,100,100,100,100,80031.55578,6.635422603,1228,140,350,100
8/10/2023 1:03 PM,18.1,17.6,16.3,18.3,19.1,1,1,1,1,1,28,28,25,28.9,29.2,19,19,19,19,19,24,45,45,24,8,1092,752,752,412,1160,350,350,100,100,100,20.32894737,26.29,1.328140362,58910,4.905,18.8,19.65,20.5,20.2,19.63,19.6,19.6,19.2,26.2,19.2,22.63,19.63,19.53,20.33,19.9,22.1,20.65,19.4,19.5,25.15,26.63,25.87,28.2,21,26.7,24.9,27.9,28.4,26.2,23.13,29.6,28.6,26.47,25.5,23.1,26.93,28.4,26.83,820,888,956,1024,140,344,412,480,548,684,820,208,888,956,1160,1228,276,480,548,616,100,100,100,100,100,350,350,350,350,350,350,100,350,350,350,350,100,100,100,100,78240.7487,6.594679353,1228,140,350,100
8/10/2023 1:09 PM,18.4,18,19.6,14.4,19.2,1,1,1,1,1,28.3,28.2,24.7,28.6,29.5,19,19,19,19,19,25,46,46,25,9,1092,752,752,412,1160,350,350,100,100,100,20.58631579,26.33210526,1.31591311,58860,4.907083333,19.4,20.05,20.85,20.73,18.6,19,19.1,19.9,26.2,20,22.57,20.6,20.37,20.47,20.1,21.8,20.95,20.2,20.25,25.6,27.07,26.3,28.6,20.3,25.9,24.2,27.1,28.2,27.8,23.07,30.1,29.1,26.57,25.8,22.6,26.83,28.4,26.77,820,888,956,1024,140,344,412,480,548,684,820,208,888,956,1160,1228,276,480,548,616,100,100,100,100,100,350,350,350,350,350,350,100,350,350,350,350,100,100,100,100,77454.64564,6.487308098,1228,140,350,100
8/10/2023 1:14 PM,19,18.3,20.4,19.8,19.8,1,1,1,1,1,28.9,28.1,24.9,29.2,29.9,19,19,19,19,19,26,47,47,26,10,1092,752,752,412,1160,350,350,100,100,100,21.24052632,26.85578947,1.293139014,58860,4.905,19.8,20.45,21.25,21.2,20.07,20.5,20.1,20.6,26,20.7,23.23,21.5,20.9,20.87,20.4,22.3,21.65,21,21.05,26,27.5,26.57,28.77,21.3,27.1,25.03,28.3,28.2,28.4,23.5,30.6,29.63,26.83,26,22.8,27.1,29.3,27.33,820,888,956,1024,140,344,412,480,548,684,820,208,888,956,1160,1228,276,480,548,616,100,100,100,100,100,350,350,350,350,350,350,100,350,350,350,350,100,100,100,100,76114.16234,6.398700332,1228,140,350,100
8/10/2023 1:20 PM,18.8,18.5,20.8,20.4,19.9,1,1,1,1,1,29.2,28.7,25.5,29.6,30.3,19,19,19,19,19,27,48,48,27,11,1092,752,752,412,1160,350,350,100,100,100,21.67105263,27.32842105,1.302129155,58860,4.905,20.1,20.65,21.6,21.43,21,21.1,20.63,21.1,26,21,23.73,22.13,21.23,21.1,20.7,23,22.2,21.5,21.55,26.4,27.8,26.9,29.13,22.15,27.7,25.77,28.9,28.4,28.8,24.13,31,30.13,27.2,26.2,23.3,27.6,29.9,27.83,820,888,956,1024,140,344,412,480,548,684,820,208,888,956,1160,1228,276,480,548,616,100,100,100,100,100,350,350,350,350,350,350,100,350,350,350,350,100,100,100,100,76643.32204,6.364895183,1228,140,350,100
8/10/2023 1:25 PM,18.8,18.4,21.4,20.8,19.9,1,1,1,1,1,29.3,28.7,25.6,29,30.3,19,19,19,19,19,28,49,49,28,12,1092,752,752,412,1160,350,350,100,100,100,21.85421053,27.55473684,1.336287418,58910,4.907083333,20.4,20.85,21.6,21.37,21.33,21.5,20.77,21.4,25.8,21.4,23.97,22.3,21.37,21.17,20.7,23.4,22.5,21.7,21.7,26.5,27.87,26.77,29,22.5,28.1,26.17,29.4,28.8,28.8,24.23,31.4,30.37,27.4,26.4,23.5,27.8,30.6,27.93,820,888,956,1024,140,344,412,480,548,684,820,208,888,956,1160,1228,276,480,548,616,100,100,100,100,100,350,350,350,350,350,350,100,350,350,350,350,100,100,100,100,78720.69182,6.473500577,1228,140,350,100
8/10/2023 1:31 PM,17.6,18.4,21.2,20.8,19.6,1,1,1,1,1,29.1,28.5,25.6,29.4,30.2,19,19,19,19,19,29,50,50,29,13,1092,752,752,412,1160,350,350,100,100,100,21.67894737,27.46736842,1.335207229,58870,4.9075,20.15,20.6,21.25,20.97,21.37,21.5,20.73,21.1,25.8,20.9,24,21.73,21.07,21.03,20.6,23.6,22.45,21.5,21.55,26.35,27.57,26.6,28.77,22.4,28.1,26.17,29.4,29,28.4,24.23,31.13,30.2,27.3,26.6,23.7,27.73,30.3,27.93,820,888,956,1024,140,344,412,480,548,684,820,208,888,956,1160,1228,276,480,548,616,100,100,100,100,100,350,350,350,350,350,350,100,350,350,350,350,100,100,100,100,78603.6496,6.555180893,1228,140,350,100
8/10/2023 1:36 PM,18.4,18,18.5,20.7,19.8,1,1,1,1,1,28.9,28.3,25.7,29.2,29.8,19,19,19,19,19,30,51,51,30,14,1092,752,752,412,1160,350,350,100,100,100,21.42,27.31947368,1.343746662,58860,4.905416667,19.95,20.7,21.05,20.8,21.13,21.1,20.53,20.6,25.4,20.4,23.73,21.3,20.77,20.87,20.4,23.6,22.25,21.2,21.2,26.2,27.4,26.37,28.73,22.3,27.9,26.07,29.2,29,27.8,24.23,30.97,30.1,27.23,26.4,23.6,27.6,30,27.97,820,888,956,1024,140,344,412,480,548,684,820,208,888,956,1160,1228,276,480,548,616,100,100,100,100,100,350,350,350,350,350,350,100,350,350,350,350,100,100,100,100,79092.92852,6.570690755,1228,140,350,100
8/10/2023 1:42 PM,18.3,18,18.5,20.9,19.6,1,1,1,1,1,28.9,28.3,25,28.9,29.8,19,19,19,19,19,31,52,52,31,15,1092,752,752,412,1160,350,350,100,100,100,21.26157895,27.18947368,1.335174723,58830,4.90375,19.8,20.5,21,20.67,21,21.1,20.47,20.2,25.4,20,23.73,20.93,20.67,20.8,20.4,23.4,21.95,21,20.95,26.1,27.27,26.27,28.57,22.2,27.9,26,29.2,29,27.4,24.13,30.73,29.83,27.03,26.2,23.7,27.4,29.9,27.77,820,888,956,1024,140,344,412,480,548,684,820,208,888,956,1160,1228,276,480,548,616,100,100,100,100,100,350,350,350,350,350,350,100,350,350,350,350,100,100,100,100,78548.32898,6.568385729,1228,140,350,100
8/10/2023 1:47 PM,13.4,17.6,18.3,20.5,19.1,1,1,1,1,1,27.9,28.1,24.7,29.3,29.4,19,19,19,19,19,32,53,53,32,16,1092,752,752,412,1160,350,350,100,100,100,20.98157895,27.04157895,1.356811733,58910,4.905833333,19.1,19.8,20.2,19.83,21,21,20.47,20.1,25.8,19.5,23.83,20.57,20.27,20.53,20.1,23.4,21.75,20.7,20.7,25.6,26.87,25.87,28.3,22.15,27.9,25.93,29,29,27.2,24.07,30.63,29.57,26.97,26.2,23.8,27.4,29.7,27.63,820,888,956,1024,140,344,412,480,548,684,820,208,888,956,1160,1228,276,480,548,616,100,100,100,100,100,350,350,350,350,350,350,100,350,350,350,350,100,100,100,100,79929.7792,6.603254508,1228,140,350,100
8/10/2023 1:53 PM,17.3,17.7,18.5,20.7,19.4,1,1,1,1,1,27.9,28.1,24.9,29.1,29.6,19,19,19,19,19,33,54,54,33,17,1092,752,752,412,1160,350,350,100,100,100,20.97105263,27.05052632,1.307724339,58650,4.898333333,18.85,19.8,20.1,19.47,21.53,21.1,20.4,20.1,26.6,19.5,23.67,20.33,20.17,20.43,19.9,23.2,21.85,20.7,20.75,25.6,26.8,25.67,28.37,22.35,28.1,26,29.2,29,27.4,23.97,30.63,29.37,26.7,26,23.8,27.6,29.7,27.7,820,888,956,1024,140,344,412,480,548,684,820,208,888,956,1160,1228,276,480,548,616,100,100,100,100,100,350,350,350,350,350,350,100,350,350,350,350,100,100,100,100,76698.0325,6.526158821,1228,140,350,100
8/10/2023 1:58 PM,19.2,18.4,19,21.7,20,1,1,1,1,1,28.3,28.4,25.3,30,30,19,19,19,19,19,34,55,55,34,18,1092,752,752,412,1160,350,350,100,100,100,21.55894737,27.47052632,1.316531537,58810,4.894166667,19.85,20.85,21.35,21.07,21.87,21.5,20.77,20.6,27,20.2,23.8,20.93,20.8,20.93,20.6,23.4,22.15,20.9,21.05,26.2,27.57,26.57,29.3,22.7,28.6,26.37,29.6,29,27.6,24.17,31.13,29.83,27,26,24.2,27.77,30.1,28.23,820,888,956,1024,140,344,412,480,548,684,820,208,888,956,1160,1228,276,480,548,616,100,100,100,100,100,350,350,350,350,350,350,100,350,350,350,350,100,100,100,100,77425.21972,6.421802176,1228,140,350,100
